date,sku,qty,full_name,address_1,address_2,city,state,zip,country,phone_number,tracking_number,record_number,user_id,email,item_number,transaction_id,price,,,sku,,
3/31/2020,289-TX-11,1,s_customer_01,real address_101,,Forest Hill,MD,21050-1002,United States,(410) 692-2101,4.85E+11,19231,test_user_123,test_email0144,3.24E+11,2.05E+12,129.92,,,289-TX-02,,3/1/2020
3/31/2020,289-TX-86,1,s_customer_02,real address_102,,Ashdown,AR,71822,United States,(870) 904-8901,4.85E+11,19229,test_user_124,test_email0145,2.23E+11,2.24E+12,134.43,,,289-TX-11,,3/2/2020
3/31/2020,289-TX-92,1,s_customer_03,real address_103,,Clinton,TN,37716-5715,United States,(865) 660-5407,4.85E+11,19228,test_user_125,test_email0146,3.24E+11,2.05E+12,159.95,,,289-TX-33,,3/3/2020
3/31/2020,AX-8833,1,s_customer_04,real address_104,,Morris,GA,39867-5208,United States,(334) 695-2553,4.85E+11,19233,test_user_126,test_email0147,2.23E+11,2.24E+12,133.33,,,289-TX-69,,3/4/2020
3/31/2020,SJX-TX-11,1,s_customer_05,real address_105,,Mahomet,IL,61853,United States,(217) 841-2002,4.85E+11,10003582,test_user_127,test_email0148,2.23E+11,2.24E+12,133.33,,,289-TX-73,,3/5/2020
3/31/2020,SJX-TX-74,1,s_customer_06,real address_106,,Frisco,TX,75034-9475,United States,(214) 930-7605,4.85E+11,10003583,test_user_128,test_email0149,2.23E+11,2.24E+12,133.33,,,289-TX-74,,3/6/2020
3/31/2020,289-TX-33,1,s_customer_07,real address_107,,Salinas,CA,93901-4355,United States,(831) 970-2412,4.85E+11,10003584,test_user_129,test_email0150,2.23E+11,2.24E+12,133.33,,,289-TX-77,,3/7/2020
3/31/2020,289-TX-33,1,s_customer_08,real address_108,,Tavernier,FL,33070-2511,United States,(727) 557-6110,4.85E+11,10003585,test_user_130,test_email0151,2.23E+11,2.24E+12,165,,,289-TX-78,,3/8/2020
3/31/2020,289-TX-69,1,s_customer_09,real address_109,Ste 3A,fort Bragg,CA,95437-9592,United States,(707) 357-2002,4.85E+11,10003586,test_user_131,test_email0152,2.23E+11,2.24E+12,123,,,289-TX-86,,3/9/2020
3/31/2020,289-TX-69,1,s_customer_10,real address_110,,Vernal,UT,84078,United States,(435) 790-2950,4.85E+11,10003587,test_user_132,test_email0153,2.23E+11,2.24E+12,155,,,289-TX-92,,3/10/2020
3/10/2020,289-TX-86,,s_customer_11,real address_111,,Vernal,UT,84079,United States,(435) 790-2951,4.85E+11,10003587,test_user_133,test_email0154,2.23E+11,2.24E+12,146,,,AX-8802,,3/11/2020
3/5/2020,AX-8802,,s_customer_12,real address_112,,Vernal,UT,84080,United States,(435) 790-2952,4.85E+11,10003587,test_user_134,test_email0155,2.23E+11,2.24E+12,130,,,AX-8811,,3/12/2020
3/28/2020,289-TX-78,,s_customer_13,real address_113,,Vernal,UT,84081,United States,(435) 790-2953,4.85E+11,10003587,test_user_135,test_email0156,2.23E+11,2.24E+12,134,,,AX-8833,,3/13/2020
3/13/2020,289-TX-11,,s_customer_14,real address_114,,Vernal,UT,84082,United States,(435) 790-2954,4.85E+11,10003587,test_user_136,test_email0157,2.23E+11,2.24E+12,142,,,AX-8869,,3/14/2020
3/27/2020,SJX-TX-02,,s_customer_15,real address_115,,Vernal,UT,84083,United States,(435) 790-2955,4.85E+11,10003587,test_user_137,test_email0158,2.23E+11,2.24E+12,155,,,AX-8873,,3/15/2020
3/10/2020,SJX-TX-92,,s_customer_16,real address_116,,Vernal,UT,84084,United States,(435) 790-2956,4.85E+11,10003587,test_user_138,test_email0159,2.23E+11,2.24E+12,156,,,AX-8874,,3/16/2020
3/17/2020,289-TX-33,,s_customer_17,real address_117,,Vernal,UT,84085,United States,(435) 790-2957,4.85E+11,10003587,test_user_139,test_email0160,2.23E+11,2.24E+12,133,,,AX-8877,,3/17/2020
3/25/2020,AX-8874,,s_customer_18,real address_118,,Vernal,UT,84086,United States,(435) 790-2958,4.85E+11,10003587,test_user_140,test_email0161,2.23E+11,2.24E+12,148,,,AX-8878,,3/18/2020
3/3/2020,289-TX-02,,s_customer_19,real address_119,,Vernal,UT,84087,United States,(435) 790-2959,4.85E+11,10003587,test_user_141,test_email0162,2.23E+11,2.24E+12,148,,,AX-8886,,3/19/2020
3/2/2020,SJX-TX-02,,s_customer_20,real address_120,,Vernal,UT,84088,United States,(435) 790-2960,4.85E+11,10003587,test_user_142,test_email0163,2.23E+11,2.24E+12,159,,,AX-8892,,3/20/2020
3/1/2020,SJX-TX-02,,s_customer_21,real address_121,,Vernal,UT,84089,United States,(435) 790-2961,4.85E+11,10003587,test_user_143,test_email0164,2.23E+11,2.24E+12,129,,,SJX-TX-02,,3/21/2020
3/29/2020,AX-8802,,s_customer_22,real address_122,,Vernal,UT,84090,United States,(435) 790-2962,4.85E+11,10003587,test_user_144,test_email0165,2.23E+11,2.24E+12,134,,,SJX-TX-11,,3/22/2020
4/2/2020,SJX-TX-74,,s_customer_23,real address_123,,Vernal,UT,84091,United States,(435) 790-2963,4.85E+11,10003587,test_user_145,test_email0166,2.23E+11,2.24E+12,156,,,SJX-TX-33,,3/23/2020
3/6/2020,SJX-TX-86,,s_customer_24,real address_124,,Vernal,UT,84092,United States,(435) 790-2964,4.85E+11,10003587,test_user_146,test_email0167,2.23E+11,2.24E+12,145,,,SJX-TX-69,,3/24/2020
3/5/2020,289-TX-69,,s_customer_25,real address_125,,Vernal,UT,84093,United States,(435) 790-2965,4.85E+11,10003587,test_user_147,test_email0168,2.23E+11,2.24E+12,140,,,SJX-TX-73,,3/25/2020
3/21/2020,SJX-TX-02,,s_customer_26,real address_126,,Vernal,UT,84094,United States,(435) 790-2966,4.85E+11,10003587,test_user_148,test_email0169,2.23E+11,2.24E+12,129,,,SJX-TX-74,,3/26/2020
3/14/2020,SJX-TX-33,,s_customer_27,real address_127,,Vernal,UT,84095,United States,(435) 790-2967,4.85E+11,10003587,test_user_149,test_email0170,2.23E+11,2.24E+12,140,,,SJX-TX-77,,3/27/2020
3/24/2020,AX-8874,,s_customer_28,real address_128,,Vernal,UT,84096,United States,(435) 790-2968,4.85E+11,10003587,test_user_150,test_email0171,2.23E+11,2.24E+12,136,,,SJX-TX-78,,3/28/2020
3/21/2020,SJX-TX-86,,s_customer_29,real address_129,,Vernal,UT,84097,United States,(435) 790-2969,4.85E+11,10003587,test_user_151,test_email0172,2.23E+11,2.24E+12,158,,,SJX-TX-86,,3/29/2020
3/9/2020,SJX-TX-92,,s_customer_30,real address_130,,Vernal,UT,84098,United States,(435) 790-2970,4.85E+11,10003587,test_user_152,test_email0173,2.23E+11,2.24E+12,142,,,SJX-TX-92,,3/30/2020
3/30/2020,289-TX-74,,s_customer_31,real address_131,,Vernal,UT,84099,United States,(435) 790-2971,4.85E+11,10003587,test_user_153,test_email0174,2.23E+11,2.24E+12,160,,,,,3/31/2020
3/30/2020,289-TX-11,,s_customer_32,real address_132,,Vernal,UT,84100,United States,(435) 790-2972,4.85E+11,10003587,test_user_154,test_email0175,2.23E+11,2.24E+12,143,,,,,4/1/2020
3/22/2020,289-TX-77,,s_customer_33,real address_133,,Vernal,UT,84101,United States,(435) 790-2973,4.85E+11,10003587,test_user_155,test_email0176,2.23E+11,2.24E+12,129,,,,,4/2/2020
3/31/2020,AX-8877,,s_customer_34,real address_134,,Vernal,UT,84102,United States,(435) 790-2974,4.85E+11,10003587,test_user_156,test_email0177,2.23E+11,2.24E+12,136,,,,,
3/9/2020,289-TX-74,,s_customer_35,real address_135,,Vernal,UT,84103,United States,(435) 790-2975,4.85E+11,10003587,test_user_157,test_email0178,2.23E+11,2.24E+12,150,,,,,
3/26/2020,AX-8811,,s_customer_36,real address_136,,Vernal,UT,84104,United States,(435) 790-2976,4.85E+11,10003587,test_user_158,test_email0179,2.23E+11,2.24E+12,139,,,,,
3/25/2020,289-TX-86,,s_customer_37,real address_137,,Vernal,UT,84105,United States,(435) 790-2977,4.85E+11,10003587,test_user_159,test_email0180,2.23E+11,2.24E+12,136,,,,,
3/17/2020,289-TX-11,,s_customer_38,real address_138,,Vernal,UT,84106,United States,(435) 790-2978,4.85E+11,10003587,test_user_160,test_email0181,2.23E+11,2.24E+12,153,,,,,
3/28/2020,AX-8802,,s_customer_39,real address_139,,Vernal,UT,84107,United States,(435) 790-2979,4.85E+11,10003587,test_user_161,test_email0182,2.23E+11,2.24E+12,156,,,,,
3/5/2020,289-TX-74,,s_customer_40,real address_140,,Vernal,UT,84108,United States,(435) 790-2980,4.85E+11,10003587,test_user_162,test_email0183,2.23E+11,2.24E+12,150,,,,,
3/4/2020,289-TX-92,,s_customer_41,real address_141,,Vernal,UT,84109,United States,(435) 790-2981,4.85E+11,10003587,test_user_163,test_email0184,2.23E+11,2.24E+12,142,,,,,
3/29/2020,SJX-TX-74,,s_customer_42,real address_142,,Vernal,UT,84110,United States,(435) 790-2982,4.85E+11,10003587,test_user_164,test_email0185,2.23E+11,2.24E+12,154,,,,,
3/26/2020,SJX-TX-02,,s_customer_43,real address_143,,Vernal,UT,84111,United States,(435) 790-2983,4.85E+11,10003587,test_user_165,test_email0186,2.23E+11,2.24E+12,137,,,,,
3/13/2020,SJX-TX-02,,s_customer_44,real address_144,,Vernal,UT,84112,United States,(435) 790-2984,4.85E+11,10003587,test_user_166,test_email0187,2.23E+11,2.24E+12,146,,,,,
3/17/2020,SJX-TX-02,,s_customer_45,real address_145,,Vernal,UT,84113,United States,(435) 790-2985,4.85E+11,10003587,test_user_167,test_email0188,2.23E+11,2.24E+12,156,,,,,
4/2/2020,SJX-TX-92,,s_customer_46,real address_146,,Vernal,UT,84114,United States,(435) 790-2986,4.85E+11,10003587,test_user_168,test_email0189,2.23E+11,2.24E+12,160,,,,,
3/26/2020,SJX-TX-73,,s_customer_47,real address_147,,Vernal,UT,84115,United States,(435) 790-2987,4.85E+11,10003587,test_user_169,test_email0190,2.23E+11,2.24E+12,140,,,,,
3/20/2020,SJX-TX-86,,s_customer_48,real address_148,,Vernal,UT,84116,United States,(435) 790-2988,4.85E+11,10003587,test_user_170,test_email0191,2.23E+11,2.24E+12,136,,,,,
3/6/2020,AX-8811,,s_customer_49,real address_149,,Vernal,UT,84117,United States,(435) 790-2989,4.85E+11,10003587,test_user_171,test_email0192,2.23E+11,2.24E+12,156,,,,,
3/10/2020,AX-8833,,s_customer_50,real address_150,,Vernal,UT,84118,United States,(435) 790-2990,4.85E+11,10003587,test_user_172,test_email0193,2.23E+11,2.24E+12,160,,,,,
3/2/2020,289-TX-78,,s_customer_51,real address_151,,Vernal,UT,84119,United States,(435) 790-2991,4.85E+11,10003587,test_user_173,test_email0194,2.23E+11,2.24E+12,140,,,,,
3/23/2020,AX-8869,,s_customer_52,real address_152,,Vernal,UT,84120,United States,(435) 790-2992,4.85E+11,10003587,test_user_174,test_email0195,2.23E+11,2.24E+12,147,,,,,
3/11/2020,SJX-TX-02,,s_customer_53,real address_153,,Vernal,UT,84121,United States,(435) 790-2993,4.85E+11,10003587,test_user_175,test_email0196,2.23E+11,2.24E+12,149,,,,,
3/31/2020,289-TX-77,,s_customer_54,real address_154,,Vernal,UT,84122,United States,(435) 790-2994,4.85E+11,10003587,test_user_176,test_email0197,2.23E+11,2.24E+12,145,,,,,
3/4/2020,289-TX-74,,s_customer_55,real address_155,,Vernal,UT,84123,United States,(435) 790-2995,4.85E+11,10003587,test_user_177,test_email0198,2.23E+11,2.24E+12,129,,,,,
3/26/2020,289-TX-69,,s_customer_56,real address_156,,Vernal,UT,84124,United States,(435) 790-2996,4.85E+11,10003587,test_user_178,test_email0199,2.23E+11,2.24E+12,153,,,,,
3/21/2020,SJX-TX-02,,s_customer_57,real address_157,,Vernal,UT,84125,United States,(435) 790-2997,4.85E+11,10003587,test_user_179,test_email0200,2.23E+11,2.24E+12,142,,,,,
3/24/2020,289-TX-86,,s_customer_58,real address_158,,Vernal,UT,84126,United States,(435) 790-2998,4.85E+11,10003587,test_user_180,test_email0201,2.23E+11,2.24E+12,140,,,,,
3/11/2020,289-TX-69,,s_customer_59,real address_159,,Vernal,UT,84127,United States,(435) 790-2999,4.85E+11,10003587,test_user_181,test_email0202,2.23E+11,2.24E+12,132,,,,,
3/4/2020,AX-8892,,s_customer_60,real address_160,,Vernal,UT,84128,United States,(435) 790-3000,4.85E+11,10003587,test_user_182,test_email0203,2.23E+11,2.24E+12,160,,,,,
3/15/2020,289-TX-86,,s_customer_61,real address_161,,Vernal,UT,84129,United States,(435) 790-3001,4.85E+11,10003587,test_user_183,test_email0204,2.23E+11,2.24E+12,129,,,,,
3/26/2020,289-TX-77,,s_customer_62,real address_162,,Vernal,UT,84130,United States,(435) 790-3002,4.85E+11,10003587,test_user_184,test_email0205,2.23E+11,2.24E+12,150,,,,,
3/8/2020,SJX-TX-78,,s_customer_63,real address_163,,Vernal,UT,84131,United States,(435) 790-3003,4.85E+11,10003587,test_user_185,test_email0206,2.23E+11,2.24E+12,156,,,,,
3/21/2020,SJX-TX-73,,s_customer_64,real address_164,,Vernal,UT,84132,United States,(435) 790-3004,4.85E+11,10003587,test_user_186,test_email0207,2.23E+11,2.24E+12,158,,,,,
3/19/2020,SJX-TX-86,,s_customer_65,real address_165,,Vernal,UT,84133,United States,(435) 790-3005,4.85E+11,10003587,test_user_187,test_email0208,2.23E+11,2.24E+12,143,,,,,
3/23/2020,AX-8811,,s_customer_66,real address_166,,Vernal,UT,84134,United States,(435) 790-3006,4.85E+11,10003587,test_user_188,test_email0209,2.23E+11,2.24E+12,134,,,,,
3/29/2020,SJX-TX-92,,s_customer_67,real address_167,,Vernal,UT,84135,United States,(435) 790-3007,4.85E+11,10003587,test_user_189,test_email0210,2.23E+11,2.24E+12,151,,,,,
3/18/2020,SJX-TX-78,,s_customer_68,real address_168,,Vernal,UT,84136,United States,(435) 790-3008,4.85E+11,10003587,test_user_190,test_email0211,2.23E+11,2.24E+12,131,,,,,
3/11/2020,SJX-TX-92,,s_customer_69,real address_169,,Vernal,UT,84137,United States,(435) 790-3009,4.85E+11,10003587,test_user_191,test_email0212,2.23E+11,2.24E+12,157,,,,,
4/1/2020,AX-8869,,s_customer_70,real address_170,,Vernal,UT,84138,United States,(435) 790-3010,4.85E+11,10003587,test_user_192,test_email0213,2.23E+11,2.24E+12,142,,,,,
3/6/2020,AX-8811,,s_customer_71,real address_171,,Vernal,UT,84139,United States,(435) 790-3011,4.85E+11,10003587,test_user_193,test_email0214,2.23E+11,2.24E+12,146,,,,,
4/1/2020,SJX-TX-77,,s_customer_72,real address_172,,Vernal,UT,84140,United States,(435) 790-3012,4.85E+11,10003587,test_user_194,test_email0215,2.23E+11,2.24E+12,140,,,,,
3/7/2020,SJX-TX-33,,s_customer_73,real address_173,,Vernal,UT,84141,United States,(435) 790-3013,4.85E+11,10003587,test_user_195,test_email0216,2.23E+11,2.24E+12,143,,,,,
4/1/2020,SJX-TX-77,,s_customer_74,real address_174,,Vernal,UT,84142,United States,(435) 790-3014,4.85E+11,10003587,test_user_196,test_email0217,2.23E+11,2.24E+12,139,,,,,
3/14/2020,289-TX-69,,s_customer_75,real address_175,,Vernal,UT,84143,United States,(435) 790-3015,4.85E+11,10003587,test_user_197,test_email0218,2.23E+11,2.24E+12,149,,,,,
3/21/2020,SJX-TX-92,,s_customer_76,real address_176,,Vernal,UT,84144,United States,(435) 790-3016,4.85E+11,10003587,test_user_198,test_email0219,2.23E+11,2.24E+12,137,,,,,
3/4/2020,SJX-TX-92,,s_customer_77,real address_177,,Vernal,UT,84145,United States,(435) 790-3017,4.85E+11,10003587,test_user_199,test_email0220,2.23E+11,2.24E+12,142,,,,,
3/4/2020,SJX-TX-77,,s_customer_78,real address_178,,Vernal,UT,84146,United States,(435) 790-3018,4.85E+11,10003587,test_user_200,test_email0221,2.23E+11,2.24E+12,157,,,,,
3/6/2020,SJX-TX-77,,s_customer_79,real address_179,,Vernal,UT,84147,United States,(435) 790-3019,4.85E+11,10003587,test_user_201,test_email0222,2.23E+11,2.24E+12,159,,,,,
3/14/2020,289-TX-86,,s_customer_80,real address_180,,Vernal,UT,84148,United States,(435) 790-3020,4.85E+11,10003587,test_user_202,test_email0223,2.23E+11,2.24E+12,143,,,,,
3/23/2020,289-TX-11,,s_customer_81,real address_181,,Vernal,UT,84149,United States,(435) 790-3021,4.85E+11,10003587,test_user_203,test_email0224,2.23E+11,2.24E+12,132,,,,,
3/27/2020,AX-8886,,s_customer_82,real address_182,,Vernal,UT,84150,United States,(435) 790-3022,4.85E+11,10003587,test_user_204,test_email0225,2.23E+11,2.24E+12,141,,,,,
3/19/2020,SJX-TX-92,,s_customer_83,real address_183,,Vernal,UT,84151,United States,(435) 790-3023,4.85E+11,10003587,test_user_205,test_email0226,2.23E+11,2.24E+12,144,,,,,
3/20/2020,289-TX-77,,s_customer_84,real address_184,,Vernal,UT,84152,United States,(435) 790-3024,4.85E+11,10003587,test_user_206,test_email0227,2.23E+11,2.24E+12,156,,,,,
3/1/2020,SJX-TX-73,,s_customer_85,real address_185,,Vernal,UT,84153,United States,(435) 790-3025,4.85E+11,10003587,test_user_207,test_email0228,2.23E+11,2.24E+12,155,,,,,
3/10/2020,289-TX-02,,s_customer_86,real address_186,,Vernal,UT,84154,United States,(435) 790-3026,4.85E+11,10003587,test_user_208,test_email0229,2.23E+11,2.24E+12,129,,,,,
3/12/2020,SJX-TX-86,,s_customer_87,real address_187,,Vernal,UT,84155,United States,(435) 790-3027,4.85E+11,10003587,test_user_209,test_email0230,2.23E+11,2.24E+12,146,,,,,
3/29/2020,289-TX-33,,s_customer_88,real address_188,,Vernal,UT,84156,United States,(435) 790-3028,4.85E+11,10003587,test_user_210,test_email0231,2.23E+11,2.24E+12,133,,,,,
3/10/2020,SJX-TX-77,,s_customer_89,real address_189,,Vernal,UT,84157,United States,(435) 790-3029,4.85E+11,10003587,test_user_211,test_email0232,2.23E+11,2.24E+12,136,,,,,
3/14/2020,SJX-TX-02,,s_customer_90,real address_190,,Vernal,UT,84158,United States,(435) 790-3030,4.85E+11,10003587,test_user_212,test_email0233,2.23E+11,2.24E+12,145,,,,,
3/22/2020,289-TX-86,,s_customer_91,real address_191,,Vernal,UT,84159,United States,(435) 790-3031,4.85E+11,10003587,test_user_213,test_email0234,2.23E+11,2.24E+12,149,,,,,
3/19/2020,SJX-TX-86,,s_customer_92,real address_192,,Vernal,UT,84160,United States,(435) 790-3032,4.85E+11,10003587,test_user_214,test_email0235,2.23E+11,2.24E+12,150,,,,,
3/14/2020,AX-8878,,s_customer_93,real address_193,,Vernal,UT,84161,United States,(435) 790-3033,4.85E+11,10003587,test_user_215,test_email0236,2.23E+11,2.24E+12,159,,,,,
3/22/2020,SJX-TX-92,,s_customer_94,real address_194,,Vernal,UT,84162,United States,(435) 790-3034,4.85E+11,10003587,test_user_216,test_email0237,2.23E+11,2.24E+12,142,,,,,
3/21/2020,289-TX-02,,s_customer_95,real address_195,,Vernal,UT,84163,United States,(435) 790-3035,4.85E+11,10003587,test_user_217,test_email0238,2.23E+11,2.24E+12,137,,,,,
3/3/2020,289-TX-78,,s_customer_96,real address_196,,Vernal,UT,84164,United States,(435) 790-3036,4.85E+11,10003587,test_user_218,test_email0239,2.23E+11,2.24E+12,135,,,,,
3/23/2020,289-TX-33,,s_customer_97,real address_197,,Vernal,UT,84165,United States,(435) 790-3037,4.85E+11,10003587,test_user_219,test_email0240,2.23E+11,2.24E+12,152,,,,,
3/27/2020,AX-8874,,s_customer_98,real address_198,,Vernal,UT,84166,United States,(435) 790-3038,4.85E+11,10003587,test_user_220,test_email0241,2.23E+11,2.24E+12,147,,,,,
3/31/2020,SJX-TX-78,,s_customer_99,real address_199,,Vernal,UT,84167,United States,(435) 790-3039,4.85E+11,10003587,test_user_221,test_email0242,2.23E+11,2.24E+12,160,,,,,
3/24/2020,AX-8874,,s_customer_100,real address_200,,Vernal,UT,84168,United States,(435) 790-3040,4.85E+11,10003587,test_user_222,test_email0243,2.23E+11,2.24E+12,143,,,,,
3/22/2020,289-TX-92,,s_customer_101,real address_201,,Vernal,UT,84169,United States,(435) 790-3041,4.85E+11,10003587,test_user_223,test_email0244,2.23E+11,2.24E+12,156,,,,,
3/19/2020,SJX-TX-02,,s_customer_102,real address_202,,Vernal,UT,84170,United States,(435) 790-3042,4.85E+11,10003587,test_user_224,test_email0245,2.23E+11,2.24E+12,155,,,,,
3/15/2020,289-TX-78,,s_customer_103,real address_203,,Vernal,UT,84171,United States,(435) 790-3043,4.85E+11,10003587,test_user_225,test_email0246,2.23E+11,2.24E+12,158,,,,,
3/22/2020,SJX-TX-33,,s_customer_104,real address_204,,Vernal,UT,84172,United States,(435) 790-3044,4.85E+11,10003587,test_user_226,test_email0247,2.23E+11,2.24E+12,130,,,,,
3/3/2020,SJX-TX-69,,s_customer_105,real address_205,,Vernal,UT,84173,United States,(435) 790-3045,4.85E+11,10003587,test_user_227,test_email0248,2.23E+11,2.24E+12,134,,,,,
3/24/2020,AX-8892,,s_customer_106,real address_206,,Vernal,UT,84174,United States,(435) 790-3046,4.85E+11,10003587,test_user_228,test_email0249,2.23E+11,2.24E+12,143,,,,,
3/24/2020,AX-8869,,s_customer_107,real address_207,,Vernal,UT,84175,United States,(435) 790-3047,4.85E+11,10003587,test_user_229,test_email0250,2.23E+11,2.24E+12,142,,,,,
3/24/2020,AX-8886,,s_customer_108,real address_208,,Vernal,UT,84176,United States,(435) 790-3048,4.85E+11,10003587,test_user_230,test_email0251,2.23E+11,2.24E+12,133,,,,,
3/21/2020,289-TX-73,,s_customer_109,real address_209,,Vernal,UT,84177,United States,(435) 790-3049,4.85E+11,10003587,test_user_231,test_email0252,2.23E+11,2.24E+12,158,,,,,
3/14/2020,289-TX-73,,s_customer_110,real address_210,,Vernal,UT,84178,United States,(435) 790-3050,4.85E+11,10003587,test_user_232,test_email0253,2.23E+11,2.24E+12,159,,,,,
3/27/2020,AX-8886,,s_customer_111,real address_211,,Vernal,UT,84179,United States,(435) 790-3051,4.85E+11,10003587,test_user_233,test_email0254,2.23E+11,2.24E+12,135,,,,,
3/30/2020,289-TX-33,,s_customer_112,real address_212,,Vernal,UT,84180,United States,(435) 790-3052,4.85E+11,10003587,test_user_234,test_email0255,2.23E+11,2.24E+12,153,,,,,
3/2/2020,SJX-TX-33,,s_customer_113,real address_213,,Vernal,UT,84181,United States,(435) 790-3053,4.85E+11,10003587,test_user_235,test_email0256,2.23E+11,2.24E+12,153,,,,,
3/13/2020,289-TX-11,,s_customer_114,real address_214,,Vernal,UT,84182,United States,(435) 790-3054,4.85E+11,10003587,test_user_236,test_email0257,2.23E+11,2.24E+12,145,,,,,
3/18/2020,SJX-TX-77,,s_customer_115,real address_215,,Vernal,UT,84183,United States,(435) 790-3055,4.85E+11,10003587,test_user_237,test_email0258,2.23E+11,2.24E+12,144,,,,,
3/14/2020,289-TX-33,,s_customer_116,real address_216,,Vernal,UT,84184,United States,(435) 790-3056,4.85E+11,10003587,test_user_238,test_email0259,2.23E+11,2.24E+12,135,,,,,
3/24/2020,AX-8886,,s_customer_117,real address_217,,Vernal,UT,84185,United States,(435) 790-3057,4.85E+11,10003587,test_user_239,test_email0260,2.23E+11,2.24E+12,129,,,,,
3/31/2020,289-TX-92,,s_customer_118,real address_218,,Vernal,UT,84186,United States,(435) 790-3058,4.85E+11,10003587,test_user_240,test_email0261,2.23E+11,2.24E+12,137,,,,,
3/20/2020,SJX-TX-86,,s_customer_119,real address_219,,Vernal,UT,84187,United States,(435) 790-3059,4.85E+11,10003587,test_user_241,test_email0262,2.23E+11,2.24E+12,140,,,,,
3/7/2020,SJX-TX-73,,s_customer_120,real address_220,,Vernal,UT,84188,United States,(435) 790-3060,4.85E+11,10003587,test_user_242,test_email0263,2.23E+11,2.24E+12,152,,,,,
3/20/2020,AX-8877,,s_customer_121,real address_221,,Vernal,UT,84189,United States,(435) 790-3061,4.85E+11,10003587,test_user_243,test_email0264,2.23E+11,2.24E+12,146,,,,,
4/1/2020,SJX-TX-73,,s_customer_122,real address_222,,Vernal,UT,84190,United States,(435) 790-3062,4.85E+11,10003587,test_user_244,test_email0265,2.23E+11,2.24E+12,158,,,,,
3/23/2020,SJX-TX-74,,s_customer_123,real address_223,,Vernal,UT,84191,United States,(435) 790-3063,4.85E+11,10003587,test_user_245,test_email0266,2.23E+11,2.24E+12,135,,,,,
3/29/2020,AX-8886,,s_customer_124,real address_224,,Vernal,UT,84192,United States,(435) 790-3064,4.85E+11,10003587,test_user_246,test_email0267,2.23E+11,2.24E+12,131,,,,,
3/16/2020,SJX-TX-86,,s_customer_125,real address_225,,Vernal,UT,84193,United States,(435) 790-3065,4.85E+11,10003587,test_user_247,test_email0268,2.23E+11,2.24E+12,131,,,,,
3/14/2020,AX-8873,,s_customer_126,real address_226,,Vernal,UT,84194,United States,(435) 790-3066,4.85E+11,10003587,test_user_248,test_email0269,2.23E+11,2.24E+12,134,,,,,
3/3/2020,289-TX-11,,s_customer_127,real address_227,,Vernal,UT,84195,United States,(435) 790-3067,4.85E+11,10003587,test_user_249,test_email0270,2.23E+11,2.24E+12,160,,,,,
3/25/2020,289-TX-69,,s_customer_128,real address_228,,Vernal,UT,84196,United States,(435) 790-3068,4.85E+11,10003587,test_user_250,test_email0271,2.23E+11,2.24E+12,137,,,,,
3/11/2020,AX-8833,,s_customer_129,real address_229,,Vernal,UT,84197,United States,(435) 790-3069,4.85E+11,10003587,test_user_251,test_email0272,2.23E+11,2.24E+12,130,,,,,
3/7/2020,289-TX-73,,s_customer_130,real address_230,,Vernal,UT,84198,United States,(435) 790-3070,4.85E+11,10003587,test_user_252,test_email0273,2.23E+11,2.24E+12,132,,,,,
3/12/2020,AX-8811,,s_customer_131,real address_231,,Vernal,UT,84199,United States,(435) 790-3071,4.85E+11,10003587,test_user_253,test_email0274,2.23E+11,2.24E+12,152,,,,,
3/15/2020,289-TX-69,,s_customer_132,real address_232,,Vernal,UT,84200,United States,(435) 790-3072,4.85E+11,10003587,test_user_254,test_email0275,2.23E+11,2.24E+12,145,,,,,
4/1/2020,SJX-TX-86,,s_customer_133,real address_233,,Vernal,UT,84201,United States,(435) 790-3073,4.85E+11,10003587,test_user_255,test_email0276,2.23E+11,2.24E+12,134,,,,,
3/30/2020,289-TX-78,,s_customer_134,real address_234,,Vernal,UT,84202,United States,(435) 790-3074,4.85E+11,10003587,test_user_256,test_email0277,2.23E+11,2.24E+12,140,,,,,
3/25/2020,SJX-TX-92,,s_customer_135,real address_235,,Vernal,UT,84203,United States,(435) 790-3075,4.85E+11,10003587,test_user_257,test_email0278,2.23E+11,2.24E+12,155,,,,,
3/30/2020,AX-8877,,s_customer_136,real address_236,,Vernal,UT,84204,United States,(435) 790-3076,4.85E+11,10003587,test_user_258,test_email0279,2.23E+11,2.24E+12,142,,,,,
3/1/2020,289-TX-74,,s_customer_137,real address_237,,Vernal,UT,84205,United States,(435) 790-3077,4.85E+11,10003587,test_user_259,test_email0280,2.23E+11,2.24E+12,153,,,,,
3/11/2020,289-TX-11,,s_customer_138,real address_238,,Vernal,UT,84206,United States,(435) 790-3078,4.85E+11,10003587,test_user_260,test_email0281,2.23E+11,2.24E+12,131,,,,,
3/19/2020,SJX-TX-11,,s_customer_139,real address_239,,Vernal,UT,84207,United States,(435) 790-3079,4.85E+11,10003587,test_user_261,test_email0282,2.23E+11,2.24E+12,137,,,,,
3/31/2020,SJX-TX-73,,s_customer_140,real address_240,,Vernal,UT,84208,United States,(435) 790-3080,4.85E+11,10003587,test_user_262,test_email0283,2.23E+11,2.24E+12,145,,,,,
3/5/2020,SJX-TX-02,,s_customer_141,real address_241,,Vernal,UT,84209,United States,(435) 790-3081,4.85E+11,10003587,test_user_263,test_email0284,2.23E+11,2.24E+12,140,,,,,
3/16/2020,AX-8811,,s_customer_142,real address_242,,Vernal,UT,84210,United States,(435) 790-3082,4.85E+11,10003587,test_user_264,test_email0285,2.23E+11,2.24E+12,155,,,,,
3/29/2020,289-TX-86,,s_customer_143,real address_243,,Vernal,UT,84211,United States,(435) 790-3083,4.85E+11,10003587,test_user_265,test_email0286,2.23E+11,2.24E+12,155,,,,,
3/22/2020,AX-8877,,s_customer_144,real address_244,,Vernal,UT,84212,United States,(435) 790-3084,4.85E+11,10003587,test_user_266,test_email0287,2.23E+11,2.24E+12,135,,,,,
3/5/2020,AX-8877,,s_customer_145,real address_245,,Vernal,UT,84213,United States,(435) 790-3085,4.85E+11,10003587,test_user_267,test_email0288,2.23E+11,2.24E+12,156,,,,,
3/25/2020,289-TX-86,,s_customer_146,real address_246,,Vernal,UT,84214,United States,(435) 790-3086,4.85E+11,10003587,test_user_268,test_email0289,2.23E+11,2.24E+12,134,,,,,
4/2/2020,SJX-TX-86,,s_customer_147,real address_247,,Vernal,UT,84215,United States,(435) 790-3087,4.85E+11,10003587,test_user_269,test_email0290,2.23E+11,2.24E+12,139,,,,,
3/21/2020,AX-8833,,s_customer_148,real address_248,,Vernal,UT,84216,United States,(435) 790-3088,4.85E+11,10003587,test_user_270,test_email0291,2.23E+11,2.24E+12,147,,,,,
3/30/2020,AX-8878,,s_customer_149,real address_249,,Vernal,UT,84217,United States,(435) 790-3089,4.85E+11,10003587,test_user_271,test_email0292,2.23E+11,2.24E+12,132,,,,,
3/16/2020,AX-8869,,s_customer_150,real address_250,,Vernal,UT,84218,United States,(435) 790-3090,4.85E+11,10003587,test_user_272,test_email0293,2.23E+11,2.24E+12,133,,,,,
3/1/2020,289-TX-92,,s_customer_151,real address_251,,Vernal,UT,84219,United States,(435) 790-3091,4.85E+11,10003587,test_user_273,test_email0294,2.23E+11,2.24E+12,132,,,,,
3/4/2020,AX-8878,,s_customer_152,real address_252,,Vernal,UT,84220,United States,(435) 790-3092,4.85E+11,10003587,test_user_274,test_email0295,2.23E+11,2.24E+12,133,,,,,
3/28/2020,289-TX-73,,s_customer_153,real address_253,,Vernal,UT,84221,United States,(435) 790-3093,4.85E+11,10003587,test_user_275,test_email0296,2.23E+11,2.24E+12,153,,,,,
3/12/2020,289-TX-92,,s_customer_154,real address_254,,Vernal,UT,84222,United States,(435) 790-3094,4.85E+11,10003587,test_user_276,test_email0297,2.23E+11,2.24E+12,142,,,,,
3/10/2020,289-TX-77,,s_customer_155,real address_255,,Vernal,UT,84223,United States,(435) 790-3095,4.85E+11,10003587,test_user_277,test_email0298,2.23E+11,2.24E+12,146,,,,,
3/2/2020,AX-8811,,s_customer_156,real address_256,,Vernal,UT,84224,United States,(435) 790-3096,4.85E+11,10003587,test_user_278,test_email0299,2.23E+11,2.24E+12,160,,,,,
3/10/2020,289-TX-02,,s_customer_157,real address_257,,Vernal,UT,84225,United States,(435) 790-3097,4.85E+11,10003587,test_user_279,test_email0300,2.23E+11,2.24E+12,151,,,,,
3/1/2020,SJX-TX-02,,s_customer_158,real address_258,,Vernal,UT,84226,United States,(435) 790-3098,4.85E+11,10003587,test_user_280,test_email0301,2.23E+11,2.24E+12,143,,,,,
3/1/2020,289-TX-74,,s_customer_159,real address_259,,Vernal,UT,84227,United States,(435) 790-3099,4.85E+11,10003587,test_user_281,test_email0302,2.23E+11,2.24E+12,141,,,,,
3/16/2020,AX-8869,,s_customer_160,real address_260,,Vernal,UT,84228,United States,(435) 790-3100,4.85E+11,10003587,test_user_282,test_email0303,2.23E+11,2.24E+12,139,,,,,
3/11/2020,SJX-TX-33,,s_customer_161,real address_261,,Vernal,UT,84229,United States,(435) 790-3101,4.85E+11,10003587,test_user_283,test_email0304,2.23E+11,2.24E+12,129,,,,,
3/6/2020,AX-8886,,s_customer_162,real address_262,,Vernal,UT,84230,United States,(435) 790-3102,4.85E+11,10003587,test_user_284,test_email0305,2.23E+11,2.24E+12,156,,,,,
3/25/2020,SJX-TX-92,,s_customer_163,real address_263,,Vernal,UT,84231,United States,(435) 790-3103,4.85E+11,10003587,test_user_285,test_email0306,2.23E+11,2.24E+12,136,,,,,
3/31/2020,289-TX-78,,s_customer_164,real address_264,,Vernal,UT,84232,United States,(435) 790-3104,4.85E+11,10003587,test_user_286,test_email0307,2.23E+11,2.24E+12,138,,,,,
3/13/2020,SJX-TX-69,,s_customer_165,real address_265,,Vernal,UT,84233,United States,(435) 790-3105,4.85E+11,10003587,test_user_287,test_email0308,2.23E+11,2.24E+12,155,,,,,
3/28/2020,289-TX-77,,s_customer_166,real address_266,,Vernal,UT,84234,United States,(435) 790-3106,4.85E+11,10003587,test_user_288,test_email0309,2.23E+11,2.24E+12,154,,,,,
3/19/2020,289-TX-92,,s_customer_167,real address_267,,Vernal,UT,84235,United States,(435) 790-3107,4.85E+11,10003587,test_user_289,test_email0310,2.23E+11,2.24E+12,144,,,,,
3/2/2020,289-TX-33,,s_customer_168,real address_268,,Vernal,UT,84236,United States,(435) 790-3108,4.85E+11,10003587,test_user_290,test_email0311,2.23E+11,2.24E+12,157,,,,,
3/22/2020,SJX-TX-11,,s_customer_169,real address_269,,Vernal,UT,84237,United States,(435) 790-3109,4.85E+11,10003587,test_user_291,test_email0312,2.23E+11,2.24E+12,137,,,,,
3/29/2020,AX-8874,,s_customer_170,real address_270,,Vernal,UT,84238,United States,(435) 790-3110,4.85E+11,10003587,test_user_292,test_email0313,2.23E+11,2.24E+12,139,,,,,
3/26/2020,AX-8877,,s_customer_171,real address_271,,Vernal,UT,84239,United States,(435) 790-3111,4.85E+11,10003587,test_user_293,test_email0314,2.23E+11,2.24E+12,141,,,,,
3/11/2020,AX-8874,,s_customer_172,real address_272,,Vernal,UT,84240,United States,(435) 790-3112,4.85E+11,10003587,test_user_294,test_email0315,2.23E+11,2.24E+12,151,,,,,
3/24/2020,SJX-TX-69,,s_customer_173,real address_273,,Vernal,UT,84241,United States,(435) 790-3113,4.85E+11,10003587,test_user_295,test_email0316,2.23E+11,2.24E+12,146,,,,,
3/24/2020,289-TX-33,,s_customer_174,real address_274,,Vernal,UT,84242,United States,(435) 790-3114,4.85E+11,10003587,test_user_296,test_email0317,2.23E+11,2.24E+12,158,,,,,
3/14/2020,SJX-TX-86,,s_customer_175,real address_275,,Vernal,UT,84243,United States,(435) 790-3115,4.85E+11,10003587,test_user_297,test_email0318,2.23E+11,2.24E+12,157,,,,,
3/24/2020,AX-8873,,s_customer_176,real address_276,,Vernal,UT,84244,United States,(435) 790-3116,4.85E+11,10003587,test_user_298,test_email0319,2.23E+11,2.24E+12,141,,,,,
3/17/2020,SJX-TX-86,,s_customer_177,real address_277,,Vernal,UT,84245,United States,(435) 790-3117,4.85E+11,10003587,test_user_299,test_email0320,2.23E+11,2.24E+12,136,,,,,
3/17/2020,289-TX-74,,s_customer_178,real address_278,,Vernal,UT,84246,United States,(435) 790-3118,4.85E+11,10003587,test_user_300,test_email0321,2.23E+11,2.24E+12,150,,,,,
3/23/2020,SJX-TX-77,,s_customer_179,real address_279,,Vernal,UT,84247,United States,(435) 790-3119,4.85E+11,10003587,test_user_301,test_email0322,2.23E+11,2.24E+12,131,,,,,
3/6/2020,AX-8802,,s_customer_180,real address_280,,Vernal,UT,84248,United States,(435) 790-3120,4.85E+11,10003587,test_user_302,test_email0323,2.23E+11,2.24E+12,159,,,,,
3/12/2020,SJX-TX-77,,s_customer_181,real address_281,,Vernal,UT,84249,United States,(435) 790-3121,4.85E+11,10003587,test_user_303,test_email0324,2.23E+11,2.24E+12,155,,,,,
3/13/2020,AX-8874,,s_customer_182,real address_282,,Vernal,UT,84250,United States,(435) 790-3122,4.85E+11,10003587,test_user_304,test_email0325,2.23E+11,2.24E+12,147,,,,,
3/11/2020,SJX-TX-74,,s_customer_183,real address_283,,Vernal,UT,84251,United States,(435) 790-3123,4.85E+11,10003587,test_user_305,test_email0326,2.23E+11,2.24E+12,135,,,,,
3/25/2020,SJX-TX-02,,s_customer_184,real address_284,,Vernal,UT,84252,United States,(435) 790-3124,4.85E+11,10003587,test_user_306,test_email0327,2.23E+11,2.24E+12,160,,,,,
3/3/2020,289-TX-77,,s_customer_185,real address_285,,Vernal,UT,84253,United States,(435) 790-3125,4.85E+11,10003587,test_user_307,test_email0328,2.23E+11,2.24E+12,151,,,,,
3/24/2020,AX-8811,,s_customer_186,real address_286,,Vernal,UT,84254,United States,(435) 790-3126,4.85E+11,10003587,test_user_308,test_email0329,2.23E+11,2.24E+12,141,,,,,
3/22/2020,AX-8833,,s_customer_187,real address_287,,Vernal,UT,84255,United States,(435) 790-3127,4.85E+11,10003587,test_user_309,test_email0330,2.23E+11,2.24E+12,142,,,,,
3/4/2020,AX-8892,,s_customer_188,real address_288,,Vernal,UT,84256,United States,(435) 790-3128,4.85E+11,10003587,test_user_310,test_email0331,2.23E+11,2.24E+12,144,,,,,
3/13/2020,SJX-TX-74,,s_customer_189,real address_289,,Vernal,UT,84257,United States,(435) 790-3129,4.85E+11,10003587,test_user_311,test_email0332,2.23E+11,2.24E+12,153,,,,,
4/1/2020,289-TX-73,,s_customer_190,real address_290,,Vernal,UT,84258,United States,(435) 790-3130,4.85E+11,10003587,test_user_312,test_email0333,2.23E+11,2.24E+12,136,,,,,
3/18/2020,289-TX-69,,s_customer_191,real address_291,,Vernal,UT,84259,United States,(435) 790-3131,4.85E+11,10003587,test_user_313,test_email0334,2.23E+11,2.24E+12,134,,,,,
3/27/2020,AX-8833,,s_customer_192,real address_292,,Vernal,UT,84260,United States,(435) 790-3132,4.85E+11,10003587,test_user_314,test_email0335,2.23E+11,2.24E+12,139,,,,,
3/20/2020,SJX-TX-74,,s_customer_193,real address_293,,Vernal,UT,84261,United States,(435) 790-3133,4.85E+11,10003587,test_user_315,test_email0336,2.23E+11,2.24E+12,156,,,,,
3/17/2020,AX-8892,,s_customer_194,real address_294,,Vernal,UT,84262,United States,(435) 790-3134,4.85E+11,10003587,test_user_316,test_email0337,2.23E+11,2.24E+12,147,,,,,
3/17/2020,289-TX-73,,s_customer_195,real address_295,,Vernal,UT,84263,United States,(435) 790-3135,4.85E+11,10003587,test_user_317,test_email0338,2.23E+11,2.24E+12,150,,,,,
3/14/2020,289-TX-33,,s_customer_196,real address_296,,Vernal,UT,84264,United States,(435) 790-3136,4.85E+11,10003587,test_user_318,test_email0339,2.23E+11,2.24E+12,159,,,,,
3/7/2020,289-TX-69,,s_customer_197,real address_297,,Vernal,UT,84265,United States,(435) 790-3137,4.85E+11,10003587,test_user_319,test_email0340,2.23E+11,2.24E+12,139,,,,,
3/1/2020,SJX-TX-78,,s_customer_198,real address_298,,Vernal,UT,84266,United States,(435) 790-3138,4.85E+11,10003587,test_user_320,test_email0341,2.23E+11,2.24E+12,157,,,,,
3/1/2020,289-TX-73,,s_customer_199,real address_299,,Vernal,UT,84267,United States,(435) 790-3139,4.85E+11,10003587,test_user_321,test_email0342,2.23E+11,2.24E+12,131,,,,,
3/19/2020,AX-8892,,s_customer_200,real address_300,,Vernal,UT,84268,United States,(435) 790-3140,4.85E+11,10003587,test_user_322,test_email0343,2.23E+11,2.24E+12,134,,,,,
3/2/2020,AX-8833,,s_customer_201,real address_301,,Vernal,UT,84269,United States,(435) 790-3141,4.85E+11,10003587,test_user_323,test_email0344,2.23E+11,2.24E+12,131,,,,,
3/26/2020,AX-8892,,s_customer_202,real address_302,,Vernal,UT,84270,United States,(435) 790-3142,4.85E+11,10003587,test_user_324,test_email0345,2.23E+11,2.24E+12,141,,,,,
3/30/2020,289-TX-74,,s_customer_203,real address_303,,Vernal,UT,84271,United States,(435) 790-3143,4.85E+11,10003587,test_user_325,test_email0346,2.23E+11,2.24E+12,130,,,,,
3/15/2020,289-TX-11,,s_customer_204,real address_304,,Vernal,UT,84272,United States,(435) 790-3144,4.85E+11,10003587,test_user_326,test_email0347,2.23E+11,2.24E+12,134,,,,,
3/29/2020,AX-8877,,s_customer_205,real address_305,,Vernal,UT,84273,United States,(435) 790-3145,4.85E+11,10003587,test_user_327,test_email0348,2.23E+11,2.24E+12,145,,,,,
3/10/2020,289-TX-33,,s_customer_206,real address_306,,Vernal,UT,84274,United States,(435) 790-3146,4.85E+11,10003587,test_user_328,test_email0349,2.23E+11,2.24E+12,132,,,,,
3/29/2020,SJX-TX-73,,s_customer_207,real address_307,,Vernal,UT,84275,United States,(435) 790-3147,4.85E+11,10003587,test_user_329,test_email0350,2.23E+11,2.24E+12,155,,,,,
3/11/2020,AX-8873,,s_customer_208,real address_308,,Vernal,UT,84276,United States,(435) 790-3148,4.85E+11,10003587,test_user_330,test_email0351,2.23E+11,2.24E+12,149,,,,,
3/2/2020,AX-8873,,s_customer_209,real address_309,,Vernal,UT,84277,United States,(435) 790-3149,4.85E+11,10003587,test_user_331,test_email0352,2.23E+11,2.24E+12,149,,,,,
3/28/2020,SJX-TX-11,,s_customer_210,real address_310,,Vernal,UT,84278,United States,(435) 790-3150,4.85E+11,10003587,test_user_332,test_email0353,2.23E+11,2.24E+12,143,,,,,
3/11/2020,289-TX-73,,s_customer_211,real address_311,,Vernal,UT,84279,United States,(435) 790-3151,4.85E+11,10003587,test_user_333,test_email0354,2.23E+11,2.24E+12,136,,,,,
3/30/2020,SJX-TX-69,,s_customer_212,real address_312,,Vernal,UT,84280,United States,(435) 790-3152,4.85E+11,10003587,test_user_334,test_email0355,2.23E+11,2.24E+12,131,,,,,
3/9/2020,AX-8878,,s_customer_213,real address_313,,Vernal,UT,84281,United States,(435) 790-3153,4.85E+11,10003587,test_user_335,test_email0356,2.23E+11,2.24E+12,129,,,,,
3/29/2020,SJX-TX-02,,s_customer_214,real address_314,,Vernal,UT,84282,United States,(435) 790-3154,4.85E+11,10003587,test_user_336,test_email0357,2.23E+11,2.24E+12,147,,,,,
3/9/2020,AX-8811,,s_customer_215,real address_315,,Vernal,UT,84283,United States,(435) 790-3155,4.85E+11,10003587,test_user_337,test_email0358,2.23E+11,2.24E+12,159,,,,,
3/19/2020,SJX-TX-02,,s_customer_216,real address_316,,Vernal,UT,84284,United States,(435) 790-3156,4.85E+11,10003587,test_user_338,test_email0359,2.23E+11,2.24E+12,152,,,,,
3/14/2020,289-TX-86,,s_customer_217,real address_317,,Vernal,UT,84285,United States,(435) 790-3157,4.85E+11,10003587,test_user_339,test_email0360,2.23E+11,2.24E+12,158,,,,,
3/5/2020,SJX-TX-86,,s_customer_218,real address_318,,Vernal,UT,84286,United States,(435) 790-3158,4.85E+11,10003587,test_user_340,test_email0361,2.23E+11,2.24E+12,148,,,,,
3/6/2020,SJX-TX-77,,s_customer_219,real address_319,,Vernal,UT,84287,United States,(435) 790-3159,4.85E+11,10003587,test_user_341,test_email0362,2.23E+11,2.24E+12,149,,,,,
3/9/2020,SJX-TX-69,,s_customer_220,real address_320,,Vernal,UT,84288,United States,(435) 790-3160,4.85E+11,10003587,test_user_342,test_email0363,2.23E+11,2.24E+12,150,,,,,
3/24/2020,SJX-TX-77,,s_customer_221,real address_321,,Vernal,UT,84289,United States,(435) 790-3161,4.85E+11,10003587,test_user_343,test_email0364,2.23E+11,2.24E+12,144,,,,,
3/15/2020,289-TX-69,,s_customer_222,real address_322,,Vernal,UT,84290,United States,(435) 790-3162,4.85E+11,10003587,test_user_344,test_email0365,2.23E+11,2.24E+12,147,,,,,
3/8/2020,AX-8869,,s_customer_223,real address_323,,Vernal,UT,84291,United States,(435) 790-3163,4.85E+11,10003587,test_user_345,test_email0366,2.23E+11,2.24E+12,139,,,,,
4/2/2020,SJX-TX-11,,s_customer_224,real address_324,,Vernal,UT,84292,United States,(435) 790-3164,4.85E+11,10003587,test_user_346,test_email0367,2.23E+11,2.24E+12,153,,,,,
3/25/2020,289-TX-33,,s_customer_225,real address_325,,Vernal,UT,84293,United States,(435) 790-3165,4.85E+11,10003587,test_user_347,test_email0368,2.23E+11,2.24E+12,134,,,,,
3/1/2020,AX-8874,,s_customer_226,real address_326,,Vernal,UT,84294,United States,(435) 790-3166,4.85E+11,10003587,test_user_348,test_email0369,2.23E+11,2.24E+12,143,,,,,
3/29/2020,AX-8873,,s_customer_227,real address_327,,Vernal,UT,84295,United States,(435) 790-3167,4.85E+11,10003587,test_user_349,test_email0370,2.23E+11,2.24E+12,143,,,,,
3/10/2020,289-TX-69,,s_customer_228,real address_328,,Vernal,UT,84296,United States,(435) 790-3168,4.85E+11,10003587,test_user_350,test_email0371,2.23E+11,2.24E+12,139,,,,,
3/3/2020,AX-8886,,s_customer_229,real address_329,,Vernal,UT,84297,United States,(435) 790-3169,4.85E+11,10003587,test_user_351,test_email0372,2.23E+11,2.24E+12,147,,,,,
3/10/2020,289-TX-77,,s_customer_230,real address_330,,Vernal,UT,84298,United States,(435) 790-3170,4.85E+11,10003587,test_user_352,test_email0373,2.23E+11,2.24E+12,154,,,,,
3/23/2020,SJX-TX-73,,s_customer_231,real address_331,,Vernal,UT,84299,United States,(435) 790-3171,4.85E+11,10003587,test_user_353,test_email0374,2.23E+11,2.24E+12,150,,,,,
3/15/2020,289-TX-69,,s_customer_232,real address_332,,Vernal,UT,84300,United States,(435) 790-3172,4.85E+11,10003587,test_user_354,test_email0375,2.23E+11,2.24E+12,137,,,,,
3/29/2020,AX-8873,,s_customer_233,real address_333,,Vernal,UT,84301,United States,(435) 790-3173,4.85E+11,10003587,test_user_355,test_email0376,2.23E+11,2.24E+12,141,,,,,
3/6/2020,AX-8802,,s_customer_234,real address_334,,Vernal,UT,84302,United States,(435) 790-3174,4.85E+11,10003587,test_user_356,test_email0377,2.23E+11,2.24E+12,140,,,,,
3/31/2020,SJX-TX-69,,s_customer_235,real address_335,,Vernal,UT,84303,United States,(435) 790-3175,4.85E+11,10003587,test_user_357,test_email0378,2.23E+11,2.24E+12,141,,,,,
3/22/2020,SJX-TX-86,,s_customer_236,real address_336,,Vernal,UT,84304,United States,(435) 790-3176,4.85E+11,10003587,test_user_358,test_email0379,2.23E+11,2.24E+12,160,,,,,
3/10/2020,AX-8886,,s_customer_237,real address_337,,Vernal,UT,84305,United States,(435) 790-3177,4.85E+11,10003587,test_user_359,test_email0380,2.23E+11,2.24E+12,150,,,,,
3/16/2020,289-TX-11,,s_customer_238,real address_338,,Vernal,UT,84306,United States,(435) 790-3178,4.85E+11,10003587,test_user_360,test_email0381,2.23E+11,2.24E+12,160,,,,,
3/9/2020,SJX-TX-69,,s_customer_239,real address_339,,Vernal,UT,84307,United States,(435) 790-3179,4.85E+11,10003587,test_user_361,test_email0382,2.23E+11,2.24E+12,136,,,,,
3/1/2020,AX-8811,,s_customer_240,real address_340,,Vernal,UT,84308,United States,(435) 790-3180,4.85E+11,10003587,test_user_362,test_email0383,2.23E+11,2.24E+12,157,,,,,
3/17/2020,AX-8892,,s_customer_241,real address_341,,Vernal,UT,84309,United States,(435) 790-3181,4.85E+11,10003587,test_user_363,test_email0384,2.23E+11,2.24E+12,135,,,,,
3/11/2020,289-TX-11,,s_customer_242,real address_342,,Vernal,UT,84310,United States,(435) 790-3182,4.85E+11,10003587,test_user_364,test_email0385,2.23E+11,2.24E+12,134,,,,,
3/1/2020,SJX-TX-69,,s_customer_243,real address_343,,Vernal,UT,84311,United States,(435) 790-3183,4.85E+11,10003587,test_user_365,test_email0386,2.23E+11,2.24E+12,152,,,,,
3/9/2020,AX-8878,,s_customer_244,real address_344,,Vernal,UT,84312,United States,(435) 790-3184,4.85E+11,10003587,test_user_366,test_email0387,2.23E+11,2.24E+12,149,,,,,
3/18/2020,289-TX-73,,s_customer_245,real address_345,,Vernal,UT,84313,United States,(435) 790-3185,4.85E+11,10003587,test_user_367,test_email0388,2.23E+11,2.24E+12,141,,,,,
3/5/2020,AX-8873,,s_customer_246,real address_346,,Vernal,UT,84314,United States,(435) 790-3186,4.85E+11,10003587,test_user_368,test_email0389,2.23E+11,2.24E+12,145,,,,,
4/2/2020,AX-8802,,s_customer_247,real address_347,,Vernal,UT,84315,United States,(435) 790-3187,4.85E+11,10003587,test_user_369,test_email0390,2.23E+11,2.24E+12,149,,,,,
3/24/2020,289-TX-74,,s_customer_248,real address_348,,Vernal,UT,84316,United States,(435) 790-3188,4.85E+11,10003587,test_user_370,test_email0391,2.23E+11,2.24E+12,130,,,,,
3/23/2020,289-TX-73,,s_customer_249,real address_349,,Vernal,UT,84317,United States,(435) 790-3189,4.85E+11,10003587,test_user_371,test_email0392,2.23E+11,2.24E+12,139,,,,,
3/10/2020,AX-8869,,s_customer_250,real address_350,,Vernal,UT,84318,United States,(435) 790-3190,4.85E+11,10003587,test_user_372,test_email0393,2.23E+11,2.24E+12,141,,,,,
3/25/2020,SJX-TX-86,,s_customer_251,real address_351,,Vernal,UT,84319,United States,(435) 790-3191,4.85E+11,10003587,test_user_373,test_email0394,2.23E+11,2.24E+12,148,,,,,
3/12/2020,289-TX-86,,s_customer_252,real address_352,,Vernal,UT,84320,United States,(435) 790-3192,4.85E+11,10003587,test_user_374,test_email0395,2.23E+11,2.24E+12,130,,,,,
3/14/2020,289-TX-74,,s_customer_253,real address_353,,Vernal,UT,84321,United States,(435) 790-3193,4.85E+11,10003587,test_user_375,test_email0396,2.23E+11,2.24E+12,144,,,,,
3/16/2020,SJX-TX-02,,s_customer_254,real address_354,,Vernal,UT,84322,United States,(435) 790-3194,4.85E+11,10003587,test_user_376,test_email0397,2.23E+11,2.24E+12,141,,,,,
3/25/2020,SJX-TX-86,,s_customer_255,real address_355,,Vernal,UT,84323,United States,(435) 790-3195,4.85E+11,10003587,test_user_377,test_email0398,2.23E+11,2.24E+12,156,,,,,
3/11/2020,SJX-TX-02,,s_customer_256,real address_356,,Vernal,UT,84324,United States,(435) 790-3196,4.85E+11,10003587,test_user_378,test_email0399,2.23E+11,2.24E+12,143,,,,,
3/5/2020,AX-8802,,s_customer_257,real address_357,,Vernal,UT,84325,United States,(435) 790-3197,4.85E+11,10003587,test_user_379,test_email0400,2.23E+11,2.24E+12,151,,,,,
3/4/2020,SJX-TX-86,,s_customer_258,real address_358,,Vernal,UT,84326,United States,(435) 790-3198,4.85E+11,10003587,test_user_380,test_email0401,2.23E+11,2.24E+12,141,,,,,
3/7/2020,AX-8874,,s_customer_259,real address_359,,Vernal,UT,84327,United States,(435) 790-3199,4.85E+11,10003587,test_user_381,test_email0402,2.23E+11,2.24E+12,159,,,,,
3/17/2020,AX-8873,,s_customer_260,real address_360,,Vernal,UT,84328,United States,(435) 790-3200,4.85E+11,10003587,test_user_382,test_email0403,2.23E+11,2.24E+12,139,,,,,
4/1/2020,AX-8802,,s_customer_261,real address_361,,Vernal,UT,84329,United States,(435) 790-3201,4.85E+11,10003587,test_user_383,test_email0404,2.23E+11,2.24E+12,133,,,,,
4/2/2020,289-TX-69,,s_customer_262,real address_362,,Vernal,UT,84330,United States,(435) 790-3202,4.85E+11,10003587,test_user_384,test_email0405,2.23E+11,2.24E+12,155,,,,,
3/27/2020,AX-8811,,s_customer_263,real address_363,,Vernal,UT,84331,United States,(435) 790-3203,4.85E+11,10003587,test_user_385,test_email0406,2.23E+11,2.24E+12,146,,,,,
3/8/2020,AX-8892,,s_customer_264,real address_364,,Vernal,UT,84332,United States,(435) 790-3204,4.85E+11,10003587,test_user_386,test_email0407,2.23E+11,2.24E+12,154,,,,,
3/3/2020,SJX-TX-86,,s_customer_265,real address_365,,Vernal,UT,84333,United States,(435) 790-3205,4.85E+11,10003587,test_user_387,test_email0408,2.23E+11,2.24E+12,135,,,,,
3/4/2020,289-TX-73,,s_customer_266,real address_366,,Vernal,UT,84334,United States,(435) 790-3206,4.85E+11,10003587,test_user_388,test_email0409,2.23E+11,2.24E+12,154,,,,,
3/23/2020,289-TX-77,,s_customer_267,real address_367,,Vernal,UT,84335,United States,(435) 790-3207,4.85E+11,10003587,test_user_389,test_email0410,2.23E+11,2.24E+12,145,,,,,
3/5/2020,289-TX-92,,s_customer_268,real address_368,,Vernal,UT,84336,United States,(435) 790-3208,4.85E+11,10003587,test_user_390,test_email0411,2.23E+11,2.24E+12,157,,,,,
4/2/2020,SJX-TX-11,,s_customer_269,real address_369,,Vernal,UT,84337,United States,(435) 790-3209,4.85E+11,10003587,test_user_391,test_email0412,2.23E+11,2.24E+12,147,,,,,
3/5/2020,289-TX-78,,s_customer_270,real address_370,,Vernal,UT,84338,United States,(435) 790-3210,4.85E+11,10003587,test_user_392,test_email0413,2.23E+11,2.24E+12,129,,,,,
3/3/2020,289-TX-73,,s_customer_271,real address_371,,Vernal,UT,84339,United States,(435) 790-3211,4.85E+11,10003587,test_user_393,test_email0414,2.23E+11,2.24E+12,129,,,,,
3/24/2020,SJX-TX-11,,s_customer_272,real address_372,,Vernal,UT,84340,United States,(435) 790-3212,4.85E+11,10003587,test_user_394,test_email0415,2.23E+11,2.24E+12,142,,,,,
3/31/2020,289-TX-92,,s_customer_273,real address_373,,Vernal,UT,84341,United States,(435) 790-3213,4.85E+11,10003587,test_user_395,test_email0416,2.23E+11,2.24E+12,151,,,,,
3/29/2020,AX-8873,,s_customer_274,real address_374,,Vernal,UT,84342,United States,(435) 790-3214,4.85E+11,10003587,test_user_396,test_email0417,2.23E+11,2.24E+12,144,,,,,
3/26/2020,289-TX-74,,s_customer_275,real address_375,,Vernal,UT,84343,United States,(435) 790-3215,4.85E+11,10003587,test_user_397,test_email0418,2.23E+11,2.24E+12,142,,,,,
3/25/2020,AX-8877,,s_customer_276,real address_376,,Vernal,UT,84344,United States,(435) 790-3216,4.85E+11,10003587,test_user_398,test_email0419,2.23E+11,2.24E+12,154,,,,,
3/22/2020,289-TX-69,,s_customer_277,real address_377,,Vernal,UT,84345,United States,(435) 790-3217,4.85E+11,10003587,test_user_399,test_email0420,2.23E+11,2.24E+12,146,,,,,
3/18/2020,SJX-TX-74,,s_customer_278,real address_378,,Vernal,UT,84346,United States,(435) 790-3218,4.85E+11,10003587,test_user_400,test_email0421,2.23E+11,2.24E+12,158,,,,,
3/4/2020,289-TX-69,,s_customer_279,real address_379,,Vernal,UT,84347,United States,(435) 790-3219,4.85E+11,10003587,test_user_401,test_email0422,2.23E+11,2.24E+12,159,,,,,
3/24/2020,AX-8874,,s_customer_280,real address_380,,Vernal,UT,84348,United States,(435) 790-3220,4.85E+11,10003587,test_user_402,test_email0423,2.23E+11,2.24E+12,148,,,,,
3/12/2020,AX-8802,,s_customer_281,real address_381,,Vernal,UT,84349,United States,(435) 790-3221,4.85E+11,10003587,test_user_403,test_email0424,2.23E+11,2.24E+12,158,,,,,
3/9/2020,AX-8886,,s_customer_282,real address_382,,Vernal,UT,84350,United States,(435) 790-3222,4.85E+11,10003587,test_user_404,test_email0425,2.23E+11,2.24E+12,131,,,,,
3/9/2020,AX-8874,,s_customer_283,real address_383,,Vernal,UT,84351,United States,(435) 790-3223,4.85E+11,10003587,test_user_405,test_email0426,2.23E+11,2.24E+12,131,,,,,
3/9/2020,AX-8811,,s_customer_284,real address_384,,Vernal,UT,84352,United States,(435) 790-3224,4.85E+11,10003587,test_user_406,test_email0427,2.23E+11,2.24E+12,137,,,,,
3/23/2020,AX-8886,,s_customer_285,real address_385,,Vernal,UT,84353,United States,(435) 790-3225,4.85E+11,10003587,test_user_407,test_email0428,2.23E+11,2.24E+12,146,,,,,
3/20/2020,AX-8874,,s_customer_286,real address_386,,Vernal,UT,84354,United States,(435) 790-3226,4.85E+11,10003587,test_user_408,test_email0429,2.23E+11,2.24E+12,144,,,,,
3/1/2020,SJX-TX-74,,s_customer_287,real address_387,,Vernal,UT,84355,United States,(435) 790-3227,4.85E+11,10003587,test_user_409,test_email0430,2.23E+11,2.24E+12,160,,,,,
3/23/2020,AX-8869,,s_customer_288,real address_388,,Vernal,UT,84356,United States,(435) 790-3228,4.85E+11,10003587,test_user_410,test_email0431,2.23E+11,2.24E+12,157,,,,,
3/14/2020,AX-8878,,s_customer_289,real address_389,,Vernal,UT,84357,United States,(435) 790-3229,4.85E+11,10003587,test_user_411,test_email0432,2.23E+11,2.24E+12,157,,,,,
3/23/2020,289-TX-33,,s_customer_290,real address_390,,Vernal,UT,84358,United States,(435) 790-3230,4.85E+11,10003587,test_user_412,test_email0433,2.23E+11,2.24E+12,135,,,,,
3/24/2020,AX-8878,,s_customer_291,real address_391,,Vernal,UT,84359,United States,(435) 790-3231,4.85E+11,10003587,test_user_413,test_email0434,2.23E+11,2.24E+12,131,,,,,
3/28/2020,289-TX-02,,s_customer_292,real address_392,,Vernal,UT,84360,United States,(435) 790-3232,4.85E+11,10003587,test_user_414,test_email0435,2.23E+11,2.24E+12,139,,,,,
3/29/2020,AX-8874,,s_customer_293,real address_393,,Vernal,UT,84361,United States,(435) 790-3233,4.85E+11,10003587,test_user_415,test_email0436,2.23E+11,2.24E+12,147,,,,,
3/5/2020,SJX-TX-92,,s_customer_294,real address_394,,Vernal,UT,84362,United States,(435) 790-3234,4.85E+11,10003587,test_user_416,test_email0437,2.23E+11,2.24E+12,160,,,,,
3/30/2020,AX-8869,,s_customer_295,real address_395,,Vernal,UT,84363,United States,(435) 790-3235,4.85E+11,10003587,test_user_417,test_email0438,2.23E+11,2.24E+12,142,,,,,
3/30/2020,289-TX-74,,s_customer_296,real address_396,,Vernal,UT,84364,United States,(435) 790-3236,4.85E+11,10003587,test_user_418,test_email0439,2.23E+11,2.24E+12,150,,,,,
3/7/2020,289-TX-02,,s_customer_297,real address_397,,Vernal,UT,84365,United States,(435) 790-3237,4.85E+11,10003587,test_user_419,test_email0440,2.23E+11,2.24E+12,147,,,,,
3/4/2020,289-TX-86,,s_customer_298,real address_398,,Vernal,UT,84366,United States,(435) 790-3238,4.85E+11,10003587,test_user_420,test_email0441,2.23E+11,2.24E+12,152,,,,,
3/6/2020,289-TX-78,,s_customer_299,real address_399,,Vernal,UT,84367,United States,(435) 790-3239,4.85E+11,10003587,test_user_421,test_email0442,2.23E+11,2.24E+12,156,,,,,
3/27/2020,289-TX-77,,s_customer_300,real address_400,,Vernal,UT,84368,United States,(435) 790-3240,4.85E+11,10003587,test_user_422,test_email0443,2.23E+11,2.24E+12,145,,,,,
3/22/2020,AX-8892,,s_customer_301,real address_401,,Vernal,UT,84369,United States,(435) 790-3241,4.85E+11,10003587,test_user_423,test_email0444,2.23E+11,2.24E+12,136,,,,,
3/13/2020,289-TX-73,,s_customer_302,real address_402,,Vernal,UT,84370,United States,(435) 790-3242,4.85E+11,10003587,test_user_424,test_email0445,2.23E+11,2.24E+12,160,,,,,
3/28/2020,AX-8886,,s_customer_303,real address_403,,Vernal,UT,84371,United States,(435) 790-3243,4.85E+11,10003587,test_user_425,test_email0446,2.23E+11,2.24E+12,138,,,,,
3/17/2020,SJX-TX-33,,s_customer_304,real address_404,,Vernal,UT,84372,United States,(435) 790-3244,4.85E+11,10003587,test_user_426,test_email0447,2.23E+11,2.24E+12,149,,,,,
3/8/2020,AX-8886,,s_customer_305,real address_405,,Vernal,UT,84373,United States,(435) 790-3245,4.85E+11,10003587,test_user_427,test_email0448,2.23E+11,2.24E+12,155,,,,,
3/28/2020,289-TX-78,,s_customer_306,real address_406,,Vernal,UT,84374,United States,(435) 790-3246,4.85E+11,10003587,test_user_428,test_email0449,2.23E+11,2.24E+12,157,,,,,
3/1/2020,SJX-TX-73,,s_customer_307,real address_407,,Vernal,UT,84375,United States,(435) 790-3247,4.85E+11,10003587,test_user_429,test_email0450,2.23E+11,2.24E+12,153,,,,,
3/10/2020,AX-8802,,s_customer_308,real address_408,,Vernal,UT,84376,United States,(435) 790-3248,4.85E+11,10003587,test_user_430,test_email0451,2.23E+11,2.24E+12,146,,,,,
3/20/2020,SJX-TX-92,,s_customer_309,real address_409,,Vernal,UT,84377,United States,(435) 790-3249,4.85E+11,10003587,test_user_431,test_email0452,2.23E+11,2.24E+12,133,,,,,
3/2/2020,SJX-TX-77,,s_customer_310,real address_410,,Vernal,UT,84378,United States,(435) 790-3250,4.85E+11,10003587,test_user_432,test_email0453,2.23E+11,2.24E+12,155,,,,,
3/1/2020,SJX-TX-11,,s_customer_311,real address_411,,Vernal,UT,84379,United States,(435) 790-3251,4.85E+11,10003587,test_user_433,test_email0454,2.23E+11,2.24E+12,137,,,,,
3/2/2020,SJX-TX-86,,s_customer_312,real address_412,,Vernal,UT,84380,United States,(435) 790-3252,4.85E+11,10003587,test_user_434,test_email0455,2.23E+11,2.24E+12,146,,,,,
3/10/2020,SJX-TX-73,,s_customer_313,real address_413,,Vernal,UT,84381,United States,(435) 790-3253,4.85E+11,10003587,test_user_435,test_email0456,2.23E+11,2.24E+12,136,,,,,
3/22/2020,SJX-TX-11,,s_customer_314,real address_414,,Vernal,UT,84382,United States,(435) 790-3254,4.85E+11,10003587,test_user_436,test_email0457,2.23E+11,2.24E+12,158,,,,,
3/18/2020,AX-8878,,s_customer_315,real address_415,,Vernal,UT,84383,United States,(435) 790-3255,4.85E+11,10003587,test_user_437,test_email0458,2.23E+11,2.24E+12,138,,,,,
3/4/2020,AX-8833,,s_customer_316,real address_416,,Vernal,UT,84384,United States,(435) 790-3256,4.85E+11,10003587,test_user_438,test_email0459,2.23E+11,2.24E+12,142,,,,,
3/30/2020,SJX-TX-02,,s_customer_317,real address_417,,Vernal,UT,84385,United States,(435) 790-3257,4.85E+11,10003587,test_user_439,test_email0460,2.23E+11,2.24E+12,139,,,,,
3/10/2020,SJX-TX-69,,s_customer_318,real address_418,,Vernal,UT,84386,United States,(435) 790-3258,4.85E+11,10003587,test_user_440,test_email0461,2.23E+11,2.24E+12,131,,,,,
4/2/2020,AX-8892,,s_customer_319,real address_419,,Vernal,UT,84387,United States,(435) 790-3259,4.85E+11,10003587,test_user_441,test_email0462,2.23E+11,2.24E+12,134,,,,,
3/5/2020,AX-8877,,s_customer_320,real address_420,,Vernal,UT,84388,United States,(435) 790-3260,4.85E+11,10003587,test_user_442,test_email0463,2.23E+11,2.24E+12,131,,,,,
4/2/2020,AX-8892,,s_customer_321,real address_421,,Vernal,UT,84389,United States,(435) 790-3261,4.85E+11,10003587,test_user_443,test_email0464,2.23E+11,2.24E+12,131,,,,,
3/22/2020,289-TX-78,,s_customer_322,real address_422,,Vernal,UT,84390,United States,(435) 790-3262,4.85E+11,10003587,test_user_444,test_email0465,2.23E+11,2.24E+12,159,,,,,
3/7/2020,AX-8878,,s_customer_323,real address_423,,Vernal,UT,84391,United States,(435) 790-3263,4.85E+11,10003587,test_user_445,test_email0466,2.23E+11,2.24E+12,157,,,,,
3/1/2020,289-TX-86,,s_customer_324,real address_424,,Vernal,UT,84392,United States,(435) 790-3264,4.85E+11,10003587,test_user_446,test_email0467,2.23E+11,2.24E+12,130,,,,,
3/7/2020,SJX-TX-77,,s_customer_325,real address_425,,Vernal,UT,84393,United States,(435) 790-3265,4.85E+11,10003587,test_user_447,test_email0468,2.23E+11,2.24E+12,135,,,,,
3/29/2020,AX-8892,,s_customer_326,real address_426,,Vernal,UT,84394,United States,(435) 790-3266,4.85E+11,10003587,test_user_448,test_email0469,2.23E+11,2.24E+12,141,,,,,
3/31/2020,AX-8802,,s_customer_327,real address_427,,Vernal,UT,84395,United States,(435) 790-3267,4.85E+11,10003587,test_user_449,test_email0470,2.23E+11,2.24E+12,134,,,,,
3/20/2020,289-TX-33,,s_customer_328,real address_428,,Vernal,UT,84396,United States,(435) 790-3268,4.85E+11,10003587,test_user_450,test_email0471,2.23E+11,2.24E+12,152,,,,,
3/24/2020,AX-8873,,s_customer_329,real address_429,,Vernal,UT,84397,United States,(435) 790-3269,4.85E+11,10003587,test_user_451,test_email0472,2.23E+11,2.24E+12,129,,,,,
3/7/2020,289-TX-69,,s_customer_330,real address_430,,Vernal,UT,84398,United States,(435) 790-3270,4.85E+11,10003587,test_user_452,test_email0473,2.23E+11,2.24E+12,157,,,,,
3/18/2020,289-TX-11,,s_customer_331,real address_431,,Vernal,UT,84399,United States,(435) 790-3271,4.85E+11,10003587,test_user_453,test_email0474,2.23E+11,2.24E+12,154,,,,,
3/13/2020,289-TX-11,,s_customer_332,real address_432,,Vernal,UT,84400,United States,(435) 790-3272,4.85E+11,10003587,test_user_454,test_email0475,2.23E+11,2.24E+12,154,,,,,
3/18/2020,AX-8892,,s_customer_333,real address_433,,Vernal,UT,84401,United States,(435) 790-3273,4.85E+11,10003587,test_user_455,test_email0476,2.23E+11,2.24E+12,157,,,,,
3/9/2020,289-TX-74,,s_customer_334,real address_434,,Vernal,UT,84402,United States,(435) 790-3274,4.85E+11,10003587,test_user_456,test_email0477,2.23E+11,2.24E+12,131,,,,,
3/28/2020,SJX-TX-73,,s_customer_335,real address_435,,Vernal,UT,84403,United States,(435) 790-3275,4.85E+11,10003587,test_user_457,test_email0478,2.23E+11,2.24E+12,141,,,,,
3/26/2020,AX-8811,,s_customer_336,real address_436,,Vernal,UT,84404,United States,(435) 790-3276,4.85E+11,10003587,test_user_458,test_email0479,2.23E+11,2.24E+12,139,,,,,
3/16/2020,SJX-TX-86,,s_customer_337,real address_437,,Vernal,UT,84405,United States,(435) 790-3277,4.85E+11,10003587,test_user_459,test_email0480,2.23E+11,2.24E+12,155,,,,,
3/5/2020,289-TX-02,,s_customer_338,real address_438,,Vernal,UT,84406,United States,(435) 790-3278,4.85E+11,10003587,test_user_460,test_email0481,2.23E+11,2.24E+12,150,,,,,
3/17/2020,SJX-TX-73,,s_customer_339,real address_439,,Vernal,UT,84407,United States,(435) 790-3279,4.85E+11,10003587,test_user_461,test_email0482,2.23E+11,2.24E+12,131,,,,,
3/25/2020,AX-8811,,s_customer_340,real address_440,,Vernal,UT,84408,United States,(435) 790-3280,4.85E+11,10003587,test_user_462,test_email0483,2.23E+11,2.24E+12,141,,,,,
3/11/2020,AX-8877,,s_customer_341,real address_441,,Vernal,UT,84409,United States,(435) 790-3281,4.85E+11,10003587,test_user_463,test_email0484,2.23E+11,2.24E+12,157,,,,,
3/19/2020,289-TX-77,,s_customer_342,real address_442,,Vernal,UT,84410,United States,(435) 790-3282,4.85E+11,10003587,test_user_464,test_email0485,2.23E+11,2.24E+12,156,,,,,
3/6/2020,AX-8878,,s_customer_343,real address_443,,Vernal,UT,84411,United States,(435) 790-3283,4.85E+11,10003587,test_user_465,test_email0486,2.23E+11,2.24E+12,137,,,,,
3/17/2020,AX-8873,,s_customer_344,real address_444,,Vernal,UT,84412,United States,(435) 790-3284,4.85E+11,10003587,test_user_466,test_email0487,2.23E+11,2.24E+12,136,,,,,
3/8/2020,AX-8892,,s_customer_345,real address_445,,Vernal,UT,84413,United States,(435) 790-3285,4.85E+11,10003587,test_user_467,test_email0488,2.23E+11,2.24E+12,142,,,,,
3/4/2020,289-TX-92,,s_customer_346,real address_446,,Vernal,UT,84414,United States,(435) 790-3286,4.85E+11,10003587,test_user_468,test_email0489,2.23E+11,2.24E+12,135,,,,,
3/20/2020,AX-8873,,s_customer_347,real address_447,,Vernal,UT,84415,United States,(435) 790-3287,4.85E+11,10003587,test_user_469,test_email0490,2.23E+11,2.24E+12,146,,,,,
3/28/2020,AX-8811,,s_customer_348,real address_448,,Vernal,UT,84416,United States,(435) 790-3288,4.85E+11,10003587,test_user_470,test_email0491,2.23E+11,2.24E+12,147,,,,,
3/30/2020,AX-8886,,s_customer_349,real address_449,,Vernal,UT,84417,United States,(435) 790-3289,4.85E+11,10003587,test_user_471,test_email0492,2.23E+11,2.24E+12,141,,,,,
4/2/2020,AX-8873,,s_customer_350,real address_450,,Vernal,UT,84418,United States,(435) 790-3290,4.85E+11,10003587,test_user_472,test_email0493,2.23E+11,2.24E+12,149,,,,,
3/22/2020,SJX-TX-11,,s_customer_351,real address_451,,Vernal,UT,84419,United States,(435) 790-3291,4.85E+11,10003587,test_user_473,test_email0494,2.23E+11,2.24E+12,159,,,,,
3/6/2020,AX-8802,,s_customer_352,real address_452,,Vernal,UT,84420,United States,(435) 790-3292,4.85E+11,10003587,test_user_474,test_email0495,2.23E+11,2.24E+12,154,,,,,
3/11/2020,289-TX-02,,s_customer_353,real address_453,,Vernal,UT,84421,United States,(435) 790-3293,4.85E+11,10003587,test_user_475,test_email0496,2.23E+11,2.24E+12,138,,,,,
3/6/2020,SJX-TX-86,,s_customer_354,real address_454,,Vernal,UT,84422,United States,(435) 790-3294,4.85E+11,10003587,test_user_476,test_email0497,2.23E+11,2.24E+12,133,,,,,
3/27/2020,AX-8873,,s_customer_355,real address_455,,Vernal,UT,84423,United States,(435) 790-3295,4.85E+11,10003587,test_user_477,test_email0498,2.23E+11,2.24E+12,148,,,,,
3/30/2020,289-TX-33,,s_customer_356,real address_456,,Vernal,UT,84424,United States,(435) 790-3296,4.85E+11,10003587,test_user_478,test_email0499,2.23E+11,2.24E+12,156,,,,,
4/1/2020,289-TX-92,,s_customer_357,real address_457,,Vernal,UT,84425,United States,(435) 790-3297,4.85E+11,10003587,test_user_479,test_email0500,2.23E+11,2.24E+12,149,,,,,
3/9/2020,289-TX-73,,s_customer_358,real address_458,,Vernal,UT,84426,United States,(435) 790-3298,4.85E+11,10003587,test_user_480,test_email0501,2.23E+11,2.24E+12,157,,,,,
3/18/2020,SJX-TX-78,,s_customer_359,real address_459,,Vernal,UT,84427,United States,(435) 790-3299,4.85E+11,10003587,test_user_481,test_email0502,2.23E+11,2.24E+12,158,,,,,
3/30/2020,289-TX-69,,s_customer_360,real address_460,,Vernal,UT,84428,United States,(435) 790-3300,4.85E+11,10003587,test_user_482,test_email0503,2.23E+11,2.24E+12,140,,,,,
3/10/2020,SJX-TX-92,,s_customer_361,real address_461,,Vernal,UT,84429,United States,(435) 790-3301,4.85E+11,10003587,test_user_483,test_email0504,2.23E+11,2.24E+12,157,,,,,
3/28/2020,AX-8878,,s_customer_362,real address_462,,Vernal,UT,84430,United States,(435) 790-3302,4.85E+11,10003587,test_user_484,test_email0505,2.23E+11,2.24E+12,147,,,,,
4/2/2020,AX-8878,,s_customer_363,real address_463,,Vernal,UT,84431,United States,(435) 790-3303,4.85E+11,10003587,test_user_485,test_email0506,2.23E+11,2.24E+12,158,,,,,
4/1/2020,SJX-TX-73,,s_customer_364,real address_464,,Vernal,UT,84432,United States,(435) 790-3304,4.85E+11,10003587,test_user_486,test_email0507,2.23E+11,2.24E+12,154,,,,,
4/1/2020,SJX-TX-33,,s_customer_365,real address_465,,Vernal,UT,84433,United States,(435) 790-3305,4.85E+11,10003587,test_user_487,test_email0508,2.23E+11,2.24E+12,137,,,,,
3/1/2020,289-TX-73,,s_customer_366,real address_466,,Vernal,UT,84434,United States,(435) 790-3306,4.85E+11,10003587,test_user_488,test_email0509,2.23E+11,2.24E+12,157,,,,,
3/24/2020,SJX-TX-92,,s_customer_367,real address_467,,Vernal,UT,84435,United States,(435) 790-3307,4.85E+11,10003587,test_user_489,test_email0510,2.23E+11,2.24E+12,150,,,,,
3/30/2020,AX-8874,,s_customer_368,real address_468,,Vernal,UT,84436,United States,(435) 790-3308,4.85E+11,10003587,test_user_490,test_email0511,2.23E+11,2.24E+12,148,,,,,
3/10/2020,AX-8833,,s_customer_369,real address_469,,Vernal,UT,84437,United States,(435) 790-3309,4.85E+11,10003587,test_user_491,test_email0512,2.23E+11,2.24E+12,139,,,,,
3/14/2020,289-TX-92,,s_customer_370,real address_470,,Vernal,UT,84438,United States,(435) 790-3310,4.85E+11,10003587,test_user_492,test_email0513,2.23E+11,2.24E+12,139,,,,,
3/1/2020,AX-8873,,s_customer_371,real address_471,,Vernal,UT,84439,United States,(435) 790-3311,4.85E+11,10003587,test_user_493,test_email0514,2.23E+11,2.24E+12,133,,,,,
3/6/2020,SJX-TX-77,,s_customer_372,real address_472,,Vernal,UT,84440,United States,(435) 790-3312,4.85E+11,10003587,test_user_494,test_email0515,2.23E+11,2.24E+12,129,,,,,
3/5/2020,SJX-TX-78,,s_customer_373,real address_473,,Vernal,UT,84441,United States,(435) 790-3313,4.85E+11,10003587,test_user_495,test_email0516,2.23E+11,2.24E+12,151,,,,,
3/29/2020,SJX-TX-74,,s_customer_374,real address_474,,Vernal,UT,84442,United States,(435) 790-3314,4.85E+11,10003587,test_user_496,test_email0517,2.23E+11,2.24E+12,143,,,,,
3/26/2020,SJX-TX-73,,s_customer_375,real address_475,,Vernal,UT,84443,United States,(435) 790-3315,4.85E+11,10003587,test_user_497,test_email0518,2.23E+11,2.24E+12,146,,,,,
3/5/2020,SJX-TX-02,,s_customer_376,real address_476,,Vernal,UT,84444,United States,(435) 790-3316,4.85E+11,10003587,test_user_498,test_email0519,2.23E+11,2.24E+12,129,,,,,
3/18/2020,SJX-TX-74,,s_customer_377,real address_477,,Vernal,UT,84445,United States,(435) 790-3317,4.85E+11,10003587,test_user_499,test_email0520,2.23E+11,2.24E+12,152,,,,,
3/27/2020,AX-8878,,s_customer_378,real address_478,,Vernal,UT,84446,United States,(435) 790-3318,4.85E+11,10003587,test_user_500,test_email0521,2.23E+11,2.24E+12,147,,,,,
3/6/2020,SJX-TX-74,,s_customer_379,real address_479,,Vernal,UT,84447,United States,(435) 790-3319,4.85E+11,10003587,test_user_501,test_email0522,2.23E+11,2.24E+12,147,,,,,
3/1/2020,289-TX-69,,s_customer_380,real address_480,,Vernal,UT,84448,United States,(435) 790-3320,4.85E+11,10003587,test_user_502,test_email0523,2.23E+11,2.24E+12,131,,,,,
3/26/2020,AX-8873,,s_customer_381,real address_481,,Vernal,UT,84449,United States,(435) 790-3321,4.85E+11,10003587,test_user_503,test_email0524,2.23E+11,2.24E+12,160,,,,,
3/31/2020,AX-8892,,s_customer_382,real address_482,,Vernal,UT,84450,United States,(435) 790-3322,4.85E+11,10003587,test_user_504,test_email0525,2.23E+11,2.24E+12,145,,,,,
3/20/2020,SJX-TX-92,,s_customer_383,real address_483,,Vernal,UT,84451,United States,(435) 790-3323,4.85E+11,10003587,test_user_505,test_email0526,2.23E+11,2.24E+12,151,,,,,
4/1/2020,AX-8833,,s_customer_384,real address_484,,Vernal,UT,84452,United States,(435) 790-3324,4.85E+11,10003587,test_user_506,test_email0527,2.23E+11,2.24E+12,153,,,,,
3/24/2020,289-TX-86,,s_customer_385,real address_485,,Vernal,UT,84453,United States,(435) 790-3325,4.85E+11,10003587,test_user_507,test_email0528,2.23E+11,2.24E+12,136,,,,,
4/2/2020,289-TX-11,,s_customer_386,real address_486,,Vernal,UT,84454,United States,(435) 790-3326,4.85E+11,10003587,test_user_508,test_email0529,2.23E+11,2.24E+12,132,,,,,
3/18/2020,SJX-TX-92,,s_customer_387,real address_487,,Vernal,UT,84455,United States,(435) 790-3327,4.85E+11,10003587,test_user_509,test_email0530,2.23E+11,2.24E+12,137,,,,,
3/22/2020,289-TX-73,,s_customer_388,real address_488,,Vernal,UT,84456,United States,(435) 790-3328,4.85E+11,10003587,test_user_510,test_email0531,2.23E+11,2.24E+12,135,,,,,
3/28/2020,AX-8878,,s_customer_389,real address_489,,Vernal,UT,84457,United States,(435) 790-3329,4.85E+11,10003587,test_user_511,test_email0532,2.23E+11,2.24E+12,138,,,,,
3/23/2020,AX-8869,,s_customer_390,real address_490,,Vernal,UT,84458,United States,(435) 790-3330,4.85E+11,10003587,test_user_512,test_email0533,2.23E+11,2.24E+12,141,,,,,
3/24/2020,SJX-TX-92,,s_customer_391,real address_491,,Vernal,UT,84459,United States,(435) 790-3331,4.85E+11,10003587,test_user_513,test_email0534,2.23E+11,2.24E+12,152,,,,,
3/24/2020,SJX-TX-69,,s_customer_392,real address_492,,Vernal,UT,84460,United States,(435) 790-3332,4.85E+11,10003587,test_user_514,test_email0535,2.23E+11,2.24E+12,138,,,,,
3/11/2020,289-TX-33,,s_customer_393,real address_493,,Vernal,UT,84461,United States,(435) 790-3333,4.85E+11,10003587,test_user_515,test_email0536,2.23E+11,2.24E+12,159,,,,,
3/3/2020,289-TX-69,,s_customer_394,real address_494,,Vernal,UT,84462,United States,(435) 790-3334,4.85E+11,10003587,test_user_516,test_email0537,2.23E+11,2.24E+12,148,,,,,
3/22/2020,AX-8869,,s_customer_395,real address_495,,Vernal,UT,84463,United States,(435) 790-3335,4.85E+11,10003587,test_user_517,test_email0538,2.23E+11,2.24E+12,148,,,,,
3/5/2020,SJX-TX-33,,s_customer_396,real address_496,,Vernal,UT,84464,United States,(435) 790-3336,4.85E+11,10003587,test_user_518,test_email0539,2.23E+11,2.24E+12,160,,,,,
3/3/2020,289-TX-74,,s_customer_397,real address_497,,Vernal,UT,84465,United States,(435) 790-3337,4.85E+11,10003587,test_user_519,test_email0540,2.23E+11,2.24E+12,136,,,,,
3/4/2020,289-TX-02,,s_customer_398,real address_498,,Vernal,UT,84466,United States,(435) 790-3338,4.85E+11,10003587,test_user_520,test_email0541,2.23E+11,2.24E+12,131,,,,,
3/3/2020,SJX-TX-69,,s_customer_399,real address_499,,Vernal,UT,84467,United States,(435) 790-3339,4.85E+11,10003587,test_user_521,test_email0542,2.23E+11,2.24E+12,131,,,,,
